Workbook

Sheet Checklist
A1: STT | B1: RID | C1: Hạng mục kiểm tra (Test Item) | D1: Tiêu chí đánh giá (Criteria) | E1: Trạng thái (Đạt/Lỗi/Chưa kiểm thử) | F1: Ghi chú (Notes)
A2: 1 | B2: R01 | C2: Ngoại quan & An toàn | D2: Cấu trúc chắc chắn, lồng quạt khít, dây điện không hở, không xảy ra sự cố khi mất điện. | E2: Lỗi
A3: 2 | B3: R02 | C3: Cấp nguồn | D3: Nhận điện ổn định khi cắm phích cắm. | E3: Đạt
A4: 3 | B4: R03 | C4: Nút số 0 (Tắt) | D4: Ngắt hoàn toàn động cơ khi được nhấn. | E4: Đạt
A5: 4 | B5: R04 | C5: Nút số 1 (Tốc độ 1) | D5: Quạt chạy ở mức gió nhẹ, nút không bị kẹt. | E5: Lỗi
A6: 5 | B6: R05 | C6: Nút số 2 (Tốc độ 2) | D6: Quạt chạy ở mức gió trung bình, nút nhảy chính xác. | E6: Lỗi
A7: 6 | B7: R06 | C7: Nút số 3 (Tốc độ 3) | D7: Quạt chạy ở mức gió mạnh, không rung lắc bệ đỡ. | E7: Lỗi
A8: 7 | B8: R07 | C8: Tuốc năng xoay (Bật) | D8: Quạt quay đều góc ~90 độ đến 120 độ khi nhấn chốt. | E8: Đạt
A9: 8 | B9: R08 | C9: Tuốc năng xoay (Tắt) | D9: Quạt đứng yên cố định hướng gió khi kéo chốt. | E9: Đạt
A10: 9 | B10: R09 | C10: Cơ chế khoá liên động | D10: Các nút bấm tốc độ nảy nhịp nhàng, không bị kẹt dính 2 nút cùng lúc. | E10: Đạt
A11: 10 | B11: R10 | C11: Kiểm tra chịu tải | D11: Hoạt động liên tục nhiều giờ không có mùi khét/cháy nổ. | E11: Đạt
A12: 11 | B12: R11 | C12: Trải nghiệm sử dụng | D12: Quạt không gây ồn ào, rung lắc trong lúc hoạt động. Âm thanh ở ngưỡng chấp nhận được với mọi người. | E12: Đạt

Sheet TestCase
A1: TC ID | B1: RID | C1: Mục tiêu (Objective) | D1: Đầu vào (Input) | E1: Các bước thực hiện (Steps) | F1: Kết quả mong đợi (Expected Result) | G1: Kết quả thực tế | H1: Phán quyết
A2: TC01 | B2: R02 | C2: Kiểm tra trạng thái mặc định khi mới cắm điện. | D2: Nguồn điện 220V, quạt đang ở trạng thái Tắt (Nút 0). | E2: 1. Cắm phích cắm vào ổ điện. 2. Quan sát quạt. | F2: Quạt không hoạt động, không có tiếng động cơ hay hiện tượng kẹt điện. | G2: Đúng mong đợi | H2: Đạt
A3: TC02 | B3: R04 | C3: Kiểm tra khởi động quạt ở tốc độ 1. | D3: Quạt đã cắm điện, đang tắt. | E3: 1. Nhấn nút số 1. | F3: Nút 1 giữ nguyên trạng thái lún xuống. Quạt bắt đầu quay với tốc độ nhẹ nhất. | G3: Khi ấn chưa đủ sâu, quạt hoạt động, khi không ấn nữa, nút nảy lên và quạt tắt. | H3: Lỗi
A4: TC03 | B4: R05 | C4: Kiểm tra khởi động quạt ở tốc độ 2. | D4: Quạt đã cắm điện, đang tắt. | E4: 1. Nhấn nút số 2. | F4: Nút 2 lún xuống. Quạt bắt đầu quay với tốc độ trung bình. | G4: Khi ấn chưa đủ sâu, quạt hoạt động, khi không ấn nữa, nút nảy lên và quạt tắt. | H4: Lỗi
A5: TC04 | B5: R06 | C5: Kiểm tra khởi động quạt ở tốc độ 3. | D5: Quạt đã cắm điện, đang tắt. | E5: 1. Nhấn nút số 3. | F5: Nút 3 lún xuống. Quạt bắt đầu quay với tốc độ mạnh nhất. | G5: Khi ấn chưa đủ sâu, quạt hoạt động, khi không ấn nữa, nút nảy lên và quạt tắt. | H5: Lỗi
A6: TC05 | B6: R06 | C6: Kiểm tra chuyển đổi từ tốc độ thấp lên cao. | D6: Quạt đang chạy ở tốc độ 1. | E6: 1. Nhấn nút số 3. | F6: Nút 1 nảy lên, nút 3 lún xuống. Tốc độ quạt tăng rõ rệt từ nhẹ lên mạnh. | G6: Khi ấn chưa đủ sâu, cả 2 nút đều nảy lên và quạt tắt. | H6: Lỗi
A7: TC06 | B7: R04 | C7: Kiểm tra chuyển đổi từ tốc độ cao xuống thấp. | D7: Quạt đang chạy ở tốc độ 3. | E7: 1. Nhấn nút số 1. | F7: Nút 3 nảy lên, nút 1 lún xuống. Tốc độ quạt giảm dần từ mạnh xuống nhẹ. | G7: Khi ấn chưa đủ sâu, cả 2 nút đều nảy lên và quạt tắt. | H7: Lỗi
A8: TC07 | B8: R03 | C8: Kiểm tra tắt quạt khi đang hoạt động. | D8: Quạt đang chạy ở bất kỳ tốc độ nào. | E8: 1. Nhấn nút số 0. | F8: Nút tốc độ đang bật nảy lên. Động cơ ngắt điện, cánh quạt giảm tốc dần và dừng hẳn. | G8: Đúng mong đợi | H8: Đạt
A9: TC08 | B9: R09 | C9: Kiểm tra ngoại lệ: Nhấn 2 nút tốc độ cùng lúc. | D9: Quạt đã cắm điện. | E9: 1. Nhấn đồng thời nút 1 và nút 2 cùng lúc. | F9: Cơ chế cơ học không cho phép cả 2 nút cùng kẹt lại, hoặc quạt chỉ nhận 1 mức tốc độ, không xảy ra chập cháy. | G9: Đúng mong đợi | H9: Đạt
A10: TC09 | B10: R07 | C10: Kiểm tra tính năng xoay (Oscillation) khi quạt đang chạy. | D10: Quạt đang chạy ở tốc độ 2, tuốc năng đang kéo lên (đứng yên). | E10: 1. Nhấn tuốc năng (chốt xoay) xuống. | F10: Bầu quạt bắt đầu chuyển động xoay đều từ trái sang phải và ngược lại. | G10: Đúng mong đợi | H10: Đạt
A11: TC10 | B11: R08 | C11: Kiểm tra tắt tính năng xoay. | D11: Quạt đang chạy, đang xoay qua lại. | E11: 1. Kéo tuốc năng (chốt xoay) lên. | F11: Quạt ngừng xoay ngay lập tức và giữ nguyên hướng gió tại thời điểm kéo chốt. Cánh quạt vẫn quay bình thường. | G11: Đúng mong đợi | H11: Đạt
A12: TC11 | B12: R07 | C12: Kiểm tra thao tác với chốt xoay khi quạt tắt. | D12: Quạt đang tắt (nút 0). | E12: 1. Nhấn chốt xoay xuống. 2. Nhấn nút số 1 để bật. | F12: 1. Quạt không xoay khi đang tắt. 2. Khi bật lên, quạt quay và lập tức bắt đầu xoay qua lại. | G12: Đúng mong đợi | H12: Đạt
... A20: TC19 | B20: R01 | C20: Hình ảnh mặt trước của lồng quạt được căn chỉnh thẳng | D20: Quạt chưa cắm điện. | E20: 1. Quan sát quạt lúc chưa hoạt động. | F20: Quạt có logo được căn chỉnh thẳng hàng. | G20: Logo của quạt hiện đang bị lệch so với phương thẳng đứng 90 độ sang phải | H20: Lỗi

Sheet TestSummaryReport
A1: TEST SUMMARY REPORT
A2: Dự án | C2: Quạt điện | F2: Người kiểm thử | H2: Mạch Quốc Tấn
A3: Phiên bản | C3: v1.0.0 | F3: Ngày bắt đầu | H3: 46179
A4: Ghi chú
A6: STT | B6: RID | C6: Hạng mục kiểm tra (Test Item) | D6: Đã kiểm thử | E6: Đạt | F6: Lỗi | G6: Bị chặn | H6: Bỏ qua | I6: Chưa kiểm thử | J6: Tổng số | K6: Tỉ lệ đạt | L6: Tỷ lệ bao phủ kiểm thử
A7: 1 | B7: R01 | C7: Ngoại quan & An toàn | D7: =SUM(Table2[[#This Row],[Đạt]:[Chưa kiểm thử]]) -> 6 | E7: =COUNTIFS(TestCase!$B:$B,$B7,TestCase!$H:$H,Table2[[#Headers],[Đạt]]) -> 5 | F7: =COUNTIFS(TestCase!$B:$B,$B7,TestCase!$H:$H,Table2[[#Headers],[Lỗi]]) -> 1 | G7: =COUNTIFS(TestCase!$B:$B,$B7,TestCase!$H:$H,Table2[[#Headers],[Bị chặn]]) -> 0 | H7: =COUNTIFS(TestCase!$B:$B,$B7,TestCase!$H:$H,Table2[[#Headers],[Bỏ qua]]) -> 0 | I7: =COUNTIFS(TestCase!$B:$B,$B7,TestCase!$H:$H,Table2[[#Headers],[Chưa kiểm thử]]) -> 0 | J7: =COUNTIF(TestCase!B:B,$B7) -> 6 | K7: =Table2[[#This Row],[Đạt]]/Table2[[#This Row],[Tổng số]] -> 0.83333333 | L7: =Table2[[#This Row],[Đã kiểm thử]]/Table2[[#This Row],[Tổng số]] -> 1
A8: 2 | B8: R02 | C8: Cấp nguồn | D8: =SUM(Table2[[#This Row],[Đạt]:[Chưa kiểm thử]]) -> 1 | E8: =COUNTIFS(TestCase!$B:$B,$B8,TestCase!$H:$H,Table2[[#Headers],[Đạt]]) -> 1 | F8: =COUNTIFS(TestCase!$B:$B,$B8,TestCase!$H:$H,Table2[[#Headers],[Lỗi]]) -> 0 | G8: =COUNTIFS(TestCase!$B:$B,$B8,TestCase!$H:$H,Table2[[#Headers],[Bị chặn]]) -> 0 | H8: =COUNTIFS(TestCase!$B:$B,$B8,TestCase!$H:$H,Table2[[#Headers],[Bỏ qua]]) -> 0 | I8: =COUNTIFS(TestCase!$B:$B,$B8,TestCase!$H:$H,Table2[[#Headers],[Chưa kiểm thử]]) -> 0 | J8: =COUNTIF(TestCase!B:B,$B8) -> 1 | K8: =Table2[[#This Row],[Đạt]]/Table2[[#This Row],[Tổng số]] -> 1 | L8: =Table2[[#This Row],[Đã kiểm thử]]/Table2[[#This Row],[Tổng số]] -> 1
A9: 3 | B9: R03 | C9: Nút số 0 (Tắt) | D9: =SUM(Table2[[#This Row],[Đạt]:[Chưa kiểm thử]]) -> 1 | E9: =COUNTIFS(TestCase!$B:$B,$B9,TestCase!$H:$H,Table2[[#Headers],[Đạt]]) -> 1 | F9: =COUNTIFS(TestCase!$B:$B,$B9,TestCase!$H:$H,Table2[[#Headers],[Lỗi]]) -> 0 | G9: =COUNTIFS(TestCase!$B:$B,$B9,TestCase!$H:$H,Table2[[#Headers],[Bị chặn]]) -> 0 | H9: =COUNTIFS(TestCase!$B:$B,$B9,TestCase!$H:$H,Table2[[#Headers],[Bỏ qua]]) -> 0 | I9: =COUNTIFS(TestCase!$B:$B,$B9,TestCase!$H:$H,Table2[[#Headers],[Chưa kiểm thử]]) -> 0 | J9: =COUNTIF(TestCase!B:B,$B9) -> 1 | K9: =Table2[[#This Row],[Đạt]]/Table2[[#This Row],[Tổng số]] -> 1 | L9: =Table2[[#This Row],[Đã kiểm thử]]/Table2[[#This Row],[Tổng số]] -> 1
A10: 4 | B10: R04 | C10: Nút số 1 (Tốc độ 1) | D10: =SUM(Table2[[#This Row],[Đạt]:[Chưa kiểm thử]]) -> 2 | E10: =COUNTIFS(TestCase!$B:$B,$B10,TestCase!$H:$H,Table2[[#Headers],[Đạt]]) -> 0 | F10: =COUNTIFS(TestCase!$B:$B,$B10,TestCase!$H:$H,Table2[[#Headers],[Lỗi]]) -> 2 | G10: =COUNTIFS(TestCase!$B:$B,$B10,TestCase!$H:$H,Table2[[#Headers],[Bị chặn]]) -> 0 | H10: =COUNTIFS(TestCase!$B:$B,$B10,TestCase!$H:$H,Table2[[#Headers],[Bỏ qua]]) -> 0 | I10: =COUNTIFS(TestCase!$B:$B,$B10,TestCase!$H:$H,Table2[[#Headers],[Chưa kiểm thử]]) -> 0 | J10: =COUNTIF(TestCase!B:B,$B10) -> 2 | K10: =Table2[[#This Row],[Đạt]]/Table2[[#This Row],[Tổng số]] -> 0 | L10: =Table2[[#This Row],[Đã kiểm thử]]/Table2[[#This Row],[Tổng số]] -> 1
A11: 5 | B11: R05 | C11: Nút số 2 (Tốc độ 2) | D11: =SUM(Table2[[#This Row],[Đạt]:[Chưa kiểm thử]]) -> 1 | E11: =COUNTIFS(TestCase!$B:$B,$B11,TestCase!$H:$H,Table2[[#Headers],[Đạt]]) -> 0 | F11: =COUNTIFS(TestCase!$B:$B,$B11,TestCase!$H:$H,Table2[[#Headers],[Lỗi]]) -> 1 | G11: =COUNTIFS(TestCase!$B:$B,$B11,TestCase!$H:$H,Table2[[#Headers],[Bị chặn]]) -> 0 | H11: =COUNTIFS(TestCase!$B:$B,$B11,TestCase!$H:$H,Table2[[#Headers],[Bỏ qua]]) -> 0 | I11: =COUNTIFS(TestCase!$B:$B,$B11,TestCase!$H:$H,Table2[[#Headers],[Chưa kiểm thử]]) -> 0 | J11: =COUNTIF(TestCase!B:B,$B11) -> 1 | K11: =Table2[[#This Row],[Đạt]]/Table2[[#This Row],[Tổng số]] -> 0 | L11: =Table2[[#This Row],[Đã kiểm thử]]/Table2[[#This Row],[Tổng số]] -> 1
A12: 6 | B12: R06 | C12: Nút số 3 (Tốc độ 3) | D12: =SUM(Table2[[#This Row],[Đạt]:[Chưa kiểm thử]]) -> 2 | E12: =COUNTIFS(TestCase!$B:$B,$B12,TestCase!$H:$H,Table2[[#Headers],[Đạt]]) -> 0 | F12: =COUNTIFS(TestCase!$B:$B,$B12,TestCase!$H:$H,Table2[[#Headers],[Lỗi]]) -> 2 | G12: =COUNTIFS(TestCase!$B:$B,$B12,TestCase!$H:$H,Table2[[#Headers],[Bị chặn]]) -> 0 | H12: =COUNTIFS(TestCase!$B:$B,$B12,TestCase!$H:$H,Table2[[#Headers],[Bỏ qua]]) -> 0 | I12: =COUNTIFS(TestCase!$B:$B,$B12,TestCase!$H:$H,Table2[[#Headers],[Chưa kiểm thử]]) -> 0 | J12: =COUNTIF(TestCase!B:B,$B12) -> 2 | K12: =Table2[[#This Row],[Đạt]]/Table2[[#This Row],[Tổng số]] -> 0 | L12: =Table2[[#This Row],[Đã kiểm thử]]/Table2[[#This Row],[Tổng số]] -> 1
A13: 7 | B13: R07 | C13: Tuốc năng xoay (Bật) | D13: =SUM(Table2[[#This Row],[Đạt]:[Chưa kiểm thử]]) -> 2 | E13: =COUNTIFS(TestCase!$B:$B,$B13,TestCase!$H:$H,Table2[[#Headers],[Đạt]]) -> 2 | F13: =COUNTIFS(TestCase!$B:$B,$B13,TestCase!$H:$H,Table2[[#Headers],[Lỗi]]) -> 0 | G13: =COUNTIFS(TestCase!$B:$B,$B13,TestCase!$H:$H,Table2[[#Headers],[Bị chặn]]) -> 0 | H13: =COUNTIFS(TestCase!$B:$B,$B13,TestCase!$H:$H,Table2[[#Headers],[Bỏ qua]]) -> 0 | I13: =COUNTIFS(TestCase!$B:$B,$B13,TestCase!$H:$H,Table2[[#Headers],[Chưa kiểm thử]]) -> 0 | J13: =COUNTIF(TestCase!B:B,$B13) -> 2 | K13: =Table2[[#This Row],[Đạt]]/Table2[[#This Row],[Tổng số]] -> 1 | L13: =Table2[[#This Row],[Đã kiểm thử]]/Table2[[#This Row],[Tổng số]] -> 1
A14: 8 | B14: R08 | C14: Tuốc năng xoay (Tắt) | D14: =SUM(Table2[[#This Row],[Đạt]:[Chưa kiểm thử]]) -> 1 | E14: =COUNTIFS(TestCase!$B:$B,$B14,TestCase!$H:$H,Table2[[#Headers],[Đạt]]) -> 1 | F14: =COUNTIFS(TestCase!$B:$B,$B14,TestCase!$H:$H,Table2[[#Headers],[Lỗi]]) -> 0 | G14: =COUNTIFS(TestCase!$B:$B,$B14,TestCase!$H:$H,Table2[[#Headers],[Bị chặn]]) -> 0 | H14: =COUNTIFS(TestCase!$B:$B,$B14,TestCase!$H:$H,Table2[[#Headers],[Bỏ qua]]) -> 0 | I14: =COUNTIFS(TestCase!$B:$B,$B14,TestCase!$H:$H,Table2[[#Headers],[Chưa kiểm thử]]) -> 0 | J14: =COUNTIF(TestCase!B:B,$B14) -> 1 | K14: =Table2[[#This Row],[Đạt]]/Table2[[#This Row],[Tổng số]] -> 1 | L14: =Table2[[#This Row],[Đã kiểm thử]]/Table2[[#This Row],[Tổng số]] -> 1
A15: 9 | B15: R09 | C15: Cơ chế khoá liên động | D15: =SUM(Table2[[#This Row],[Đạt]:[Chưa kiểm thử]]) -> 1 | E15: =COUNTIFS(TestCase!$B:$B,$B15,TestCase!$H:$H,Table2[[#Headers],[Đạt]]) -> 1 | F15: =COUNTIFS(TestCase!$B:$B,$B15,TestCase!$H:$H,Table2[[#Headers],[Lỗi]]) -> 0 | G15: =COUNTIFS(TestCase!$B:$B,$B15,TestCase!$H:$H,Table2[[#Headers],[Bị chặn]]) -> 0 | H15: =COUNTIFS(TestCase!$B:$B,$B15,TestCase!$H:$H,Table2[[#Headers],[Bỏ qua]]) -> 0 | I15: =COUNTIFS(TestCase!$B:$B,$B15,TestCase!$H:$H,Table2[[#Headers],[Chưa kiểm thử]]) -> 0 | J15: =COUNTIF(TestCase!B:B,$B15) -> 1 | K15: =Table2[[#This Row],[Đạt]]/Table2[[#This Row],[Tổng số]] -> 1 | L15: =Table2[[#This Row],[Đã kiểm thử]]/Table2[[#This Row],[Tổng số]] -> 1
A16: 10 | B16: R10 | C16: Kiểm tra chịu tải | D16: =SUM(Table2[[#This Row],[Đạt]:[Chưa kiểm thử]]) -> 1 | E16: =COUNTIFS(TestCase!$B:$B,$B16,TestCase!$H:$H,Table2[[#Headers],[Đạt]]) -> 1 | F16: =COUNTIFS(TestCase!$B:$B,$B16,TestCase!$H:$H,Table2[[#Headers],[Lỗi]]) -> 0 | G16: =COUNTIFS(TestCase!$B:$B,$B16,TestCase!$H:$H,Table2[[#Headers],[Bị chặn]]) -> 0 | H16: =COUNTIFS(TestCase!$B:$B,$B16,TestCase!$H:$H,Table2[[#Headers],[Bỏ qua]]) -> 0 | I16: =COUNTIFS(TestCase!$B:$B,$B16,TestCase!$H:$H,Table2[[#Headers],[Chưa kiểm thử]]) -> 0 | J16: =COUNTIF(TestCase!B:B,$B16) -> 1 | K16: =Table2[[#This Row],[Đạt]]/Table2[[#This Row],[Tổng số]] -> 1 | L16: =Table2[[#This Row],[Đã kiểm thử]]/Table2[[#This Row],[Tổng số]] -> 1
A17: 11 | B17: R11 | C17: Trải nghiệm sử dụng | D17: =SUM(Table2[[#This Row],[Đạt]:[Chưa kiểm thử]]) -> 1 | E17: =COUNTIFS(TestCase!$B:$B,$B17,TestCase!$H:$H,Table2[[#Headers],[Đạt]]) -> 1 | F17: =COUNTIFS(TestCase!$B:$B,$B17,TestCase!$H:$H,Table2[[#Headers],[Lỗi]]) -> 0 | G17: =COUNTIFS(TestCase!$B:$B,$B17,TestCase!$H:$H,Table2[[#Headers],[Bị chặn]]) -> 0 | H17: =COUNTIFS(TestCase!$B:$B,$B17,TestCase!$H:$H,Table2[[#Headers],[Bỏ qua]]) -> 0 | I17: =COUNTIFS(TestCase!$B:$B,$B17,TestCase!$H:$H,Table2[[#Headers],[Chưa kiểm thử]]) -> 0 | J17: =COUNTIF(TestCase!B:B,$B17) -> 1 | K17: =Table2[[#This Row],[Đạt]]/Table2[[#This Row],[Tổng số]] -> 1 | L17: =Table2[[#This Row],[Đã kiểm thử]]/Table2[[#This Row],[Tổng số]] -> 1
C18: Tổng | D18: =SUM(Table2[[#All],[Đã kiểm thử]]) -> 19 | E18: =SUM(Table2[[#All],[Đạt]]) -> 13 | F18: =SUM(Table2[[#All],[Lỗi]]) -> 6 | G18: =SUM(Table2[[#All],[Bị chặn]]) -> 0 | H18: =SUM(Table2[[#All],[Bỏ qua]]) -> 0 | I18: =SUM(Table2[[#All],[Chưa kiểm thử]]) -> 0 | J18: =SUM(Table2[[#All],[Tổng số]]) -> 19 | K18: =AVERAGE(Table2[Tỉ lệ đạt]) -> 0.71212121 | L18: =AVERAGE(Table2[Tỷ lệ bao phủ kiểm thử]) -> 1
